Date,PredictedNextVol,ActualNextVol
2020-01-02,0.09880593,0.0950037893672179
2020-01-03,0.10028621,0.0954905783504383
2020-01-06,0.09882033,0.0960884997428005
2020-01-07,0.10218448,0.093480219419863
2020-01-08,0.09835283,0.0913395846106874
2020-01-09,0.09746754,0.0925536601468451
2020-01-10,0.09773018,0.0965984578155525
2020-01-13,0.100790694,0.0990444025168534
2020-01-14,0.10159837,0.0994972823497141
2020-01-15,0.102481686,0.0991041585382799
2020-01-16,0.101840034,0.0989141904325154
2020-01-17,0.10150261,0.0993792146603062
2020-01-21,0.10311526,0.0987437382771228
2020-01-22,0.101640575,0.0986744321162721
2020-01-23,0.101413146,0.106237166511528
2020-01-24,0.10909658,0.1329525658831593
2020-01-27,0.14173996,0.1393236428137692
2020-01-28,0.14100078,0.1390151147566158
2020-01-29,0.1387478,0.1357033489792187
2020-01-30,0.13613366,0.1496157492639785
2020-01-31,0.15163481,0.1476676719049546
2020-02-03,0.14762819,0.1600261173118408
2020-02-04,0.16287978,0.1595235663513729
2020-02-05,0.15628253,0.1603995647092964
2020-02-06,0.15863171,0.161599794260633
2020-02-07,0.16141799,0.1637175908810449
2020-02-10,0.1664182,0.1628638386389533
2020-02-11,0.16528197,0.1617828903526804
2020-02-12,0.15995316,0.1606378003121563
2020-02-13,0.15996301,0.1603700966493418
2020-02-14,0.15602346,0.1588316216208706
2020-02-18,0.15429759,0.1604821114247823
2020-02-19,0.1594687,0.1656181477605626
2020-02-20,0.17040244,0.1818005427221386
2020-02-21,0.17573057,0.2282357792462725
2020-02-24,0.23500964,0.2450059681378746
2020-02-25,0.24124928,0.2356873649097585
2020-02-26,0.23490027,0.2849382617353519
2020-02-27,0.27702284,0.2847662840027686
2020-02-28,0.27918163,0.3423774292804801
2020-03-02,0.32397163,0.3555227334634003
2020-03-03,0.34593734,0.3824862809999091
2020-03-04,0.3462939,0.385729734018998
2020-03-05,0.35808715,0.3877986072981156
2020-03-06,0.3576895,0.4455127992308185
2020-03-09,0.3629634,0.495115119744461
2020-03-10,0.37332928,0.5082090276779871
2020-03-11,0.4211208,0.5842448761857891
2020-03-12,0.46830657,0.6707985723054413
2020-03-13,0.48582858,0.7726286035284502
2020-03-16,0.5379943,0.8319443873609502
2020-03-17,0.67525005,0.8336313529801861
2020-03-18,0.7086394,0.832547007104691
2020-03-19,0.72752947,0.83760662260058
2020-03-20,0.7402569,0.8388066228089707
2020-03-23,0.7490246,0.8886421009413576
2020-03-24,0.7633142,0.8856859756370123
2020-03-25,0.7731537,0.9084294130167136
2020-03-26,0.7840298,0.9000035003282082
2020-03-27,0.7954034,0.9104220859661633
2020-03-30,0.7825212,0.8897375044276986
2020-03-31,0.795079,0.8945305113138317
2020-04-01,0.81208533,0.8834505700073504
2020-04-02,0.8002465,0.8795889872599721
2020-04-03,0.8146226,0.9172897153669376
2020-04-06,0.820422,0.8829004266721355
2020-04-07,0.8191002,0.8654969479543531
2020-04-08,0.81971925,0.8504111930708074
2020-04-09,0.81287515,0.7778760625714071
2020-04-13,0.5908673,0.7385945000999086
2020-04-14,0.76313597,0.5861851888958474
2020-04-15,0.58295566,0.53776372145796
2020-04-16,0.5052202,0.5191230471793686
2020-04-17,0.49838677,0.5245427368272981
2020-04-20,0.50601333,0.5219486534771968
2020-04-21,0.5463808,0.5255495334898737
2020-04-22,0.49934885,0.4673268755275938
2020-04-23,0.45429116,0.4652615262464027
2020-04-24,0.44208774,0.4360951995060104
2020-04-27,0.39248392,0.4210499584491791
2020-04-28,0.41832247,0.4202492124347483
2020-04-29,0.39191982,0.417492362699489
2020-04-30,0.39434195,0.398645891343295
2020-05-01,0.4071052,0.3963160889147798
2020-05-04,0.37688094,0.3886961292319768
2020-05-05,0.37677935,0.313934247626244
2020-05-06,0.3164881,0.3142284906408299
2020-05-07,0.3130089,0.3106924912085185
2020-05-08,0.29224902,0.3105020146972513
2020-05-11,0.24567328,0.3235071016723212
2020-05-12,0.31290996,0.2953761180847343
2020-05-13,0.2850372,0.2930096629469679
2020-05-14,0.28704455,0.2880469280396064
2020-05-15,0.28539446,0.2925864512867897
2020-05-18,0.2742083,0.2884651909262379
2020-05-19,0.28393257,0.2540112418333264
2020-05-20,0.25502488,0.244940958397356
2020-05-21,0.2360201,0.2439413582021001
2020-05-22,0.23893043,0.2413418150594482
2020-05-26,0.2423432,0.2408788102222328
2020-05-27,0.24697414,0.2279224722757562
2020-05-28,0.23742937,0.2017379280054662
2020-05-29,0.20526476,0.2013342448312447
2020-06-01,0.20345001,0.1657959952509725
2020-06-02,0.17891985,0.163980738408959
2020-06-03,0.1755904,0.1667636362298404
2020-06-04,0.17326492,0.1757661978075709
2020-06-05,0.1839264,0.1735240381226027
2020-06-08,0.17550631,0.1704451500109717
2020-06-09,0.17334202,0.1719288668936881
2020-06-10,0.17973317,0.2394480427774682
2020-06-11,0.23940986,0.233594310040189
2020-06-12,0.23332576,0.2339530112874948
2020-06-15,0.22160555,0.2384915763103641
2020-06-16,0.23305783,0.2325783493807563
2020-06-17,0.22548002,0.2316138153515853
2020-06-18,0.22621655,0.2241005542278151
2020-06-19,0.21257052,0.2206414941826096
2020-06-22,0.21474151,0.2212466079559747
2020-06-23,0.2164573,0.2362804453832394
2020-06-24,0.22935732,0.2371971652925702
2020-06-25,0.23244575,0.2546560458867495
2020-06-26,0.24680313,0.2526861534257624
2020-06-29,0.24905707,0.2598701242234625
2020-06-30,0.2517007,0.2613527347983996
2020-07-01,0.23676436,0.2616236758682908
2020-07-02,0.25173715,0.2688195143888373
2020-07-06,0.2439061,0.2658467393618092
2020-07-07,0.26109293,0.2676018282436403
2020-07-08,0.26035228,0.2678278732610364
2020-07-09,0.2620874,0.2664241295301102
2020-07-10,0.25123096,0.2056457089395311
2020-07-13,0.2122168,0.2055063184559797
2020-07-14,0.21232654,0.2039696542984095
2020-07-15,0.19753206,0.201957609419238
2020-07-16,0.19213861,0.2020882740800501
2020-07-17,0.19102253,0.2201182930590157
2020-07-20,0.2164476,0.225585143047084
2020-07-21,0.22437122,0.2236521589622589
2020-07-22,0.2215915,0.2450062118758228
2020-07-23,0.2399546,0.2349893316998782
2020-07-24,0.23940511,0.2398988346517052
2020-07-27,0.24012299,0.227453729322711
2020-07-28,0.23599459,0.2277251969264631
2020-07-29,0.2314035,0.2200871035728461
2020-07-30,0.22508752,0.2242825077773385
2020-07-31,0.22326383,0.226934024675645
2020-08-03,0.22607465,0.2133098988488619
2020-08-04,0.22158991,0.2107063636674047
2020-08-05,0.20726687,0.2107520488967266
2020-08-06,0.21062171,0.2152190197172143
2020-08-07,0.2207983,0.2153526981386062
2020-08-10,0.21767023,0.2133405254274227
2020-08-11,0.2181057,0.2281835944477113
2020-08-12,0.22461261,0.2281835364235274
2020-08-13,0.21970715,0.2262096929100186
2020-08-14,0.2215861,0.228352584568888
2020-08-17,0.22394627,0.2105854164992215
2020-08-18,0.21076901,0.208206794940904
2020-08-19,0.20749474,0.2120744675576882
2020-08-20,0.21092996,0.184582853122025
2020-08-21,0.19054605,0.1777010128300598
2020-08-24,0.20919788,0.1719055334655871
2020-08-25,0.18443955,0.1692302633493782
2020-08-26,0.19024372,0.1709958825222606
2020-08-27,0.18836707,0.1709994400312879
2020-08-28,0.17537558,0.1653414861266529
2020-08-31,0.17029218,0.1681057940889633
2020-09-01,0.17002009,0.1686543456598326
2020-09-02,0.18258297,0.2576199111658774
2020-09-03,0.25000334,0.260630457747486
2020-09-04,0.2679768,0.3099705573111505
2020-09-08,0.3134619,0.3257527761831476
2020-09-09,0.3133594,0.326557578997703
2020-09-10,0.3176955,0.3159882808943145
2020-09-11,0.31615677,0.3216958082430844
2020-09-14,0.31173497,0.324966741950963
2020-09-15,0.3164929,0.3280588622547714
2020-09-16,0.3151884,0.3304558732399617
2020-09-17,0.33079413,0.332402316786104
2020-09-18,0.32502842,0.328106063765259
2020-09-21,0.32384047,0.3344988938203954
2020-09-22,0.32410017,0.3479072248499182
2020-09-23,0.33050606,0.3468040859927788
2020-09-24,0.3314018,0.3485727404451978
2020-09-25,0.33288878,0.3583373872310659
2020-09-28,0.35336754,0.3574628057455959
2020-09-29,0.35179013,0.3570451020721072
2020-09-30,0.34736428,0.3562226354934555
2020-10-01,0.34294313,0.3638435382345188
2020-10-02,0.35174397,0.3326585241236088
2020-10-05,0.32330242,0.3351279757343592
2020-10-06,0.324732,0.2939740380231354
2020-10-07,0.26373684,0.2769560505884768
2020-10-08,0.26125112,0.2706136406305397
2020-10-09,0.26379684,0.2854215106110671
2020-10-12,0.2835869,0.2816359322272115
2020-10-13,0.24555086,0.2815818186199985
2020-10-14,0.26309627,0.2757909009004191
2020-10-15,0.2757964,0.269438381321986
2020-10-16,0.26821452,0.2723716698965543
2020-10-19,0.27361974,0.272380790313543
2020-10-20,0.26668498,0.2666795156186272
2020-10-21,0.25682345,0.2390959710373397
2020-10-22,0.23338155,0.2391264248293707
2020-10-23,0.23492663,0.2359363394011899
2020-10-26,0.2351398,0.2267933401432235
2020-10-27,0.22572467,0.2655351797587584
2020-10-28,0.2666344,0.2717859605922958
2020-10-29,0.27596045,0.278684236002644
2020-10-30,0.27960572,0.2622757098913185
2020-11-02,0.25712615,0.2583685731120825
2020-11-03,0.2548337,0.2946088034498679
2020-11-04,0.2802948,0.3017697636240057
2020-11-05,0.29630983,0.301660923605866
2020-11-06,0.2894757,0.3076915260487952
2020-11-09,0.30073217,0.2934088986879545
2020-11-10,0.28277192,0.3050149422469136
2020-11-11,0.29158252,0.3041053255368698
2020-11-12,0.29584676,0.3048025604103132
2020-11-13,0.29171547,0.3050952957897708
2020-11-16,0.29493377,0.2990569668715215
2020-11-17,0.28927225,0.3006457920445077
2020-11-18,0.2916477,0.3014392954992867
2020-11-19,0.29159403,0.3028019060179849
2020-11-20,0.292472,0.3028142184005689
2020-11-23,0.29280525,0.3000538688272939
2020-11-24,0.29268128,0.2997380255369261
2020-11-25,0.2919738,0.2596846128435887
2020-11-27,0.25337797,0.2555883037614803
2020-11-30,0.24767604,0.2336516558672832
2020-12-01,0.22354756,0.2338553786375037
2020-12-02,0.22988601,0.2304170285868597
2020-12-03,0.22351111,0.1797430351980136
2020-12-04,0.1852788,0.1595939203806174
2020-12-07,0.16694726,0.1595766457835364
2020-12-08,0.16326192,0.1636548416782941
2020-12-09,0.1693395,0.1465925710916955
2020-12-10,0.17203155,0.1297513989425321
2020-12-11,0.1610567,0.1286044162784561
2020-12-14,0.14683059,0.1299376755126809
2020-12-15,0.14231396,0.1290267673652242
2020-12-16,0.13906674,0.1279992942553078
2020-12-17,0.13676229,0.1243777701696405
2020-12-18,0.12921263,0.1243715636246861
2020-12-21,0.13350323,0.1194029186634316
2020-12-22,0.12745619,0.1223495401893776
2020-12-23,0.12946081,0.1157107757410802
2020-12-24,0.12687144,0.1180524386570091
2020-12-28,0.12564808,0.1157472092494435
2020-12-29,0.12630378,0.1160097007391025
2020-12-30,0.1239808,0.1094168178993888
2020-12-31,0.119659506,0.1223914798324794
2021-01-04,0.12871304,0.1249682957343654
2021-01-05,0.13082057,0.1349623566717644
2021-01-06,0.16284546,0.1574036916824381
2021-01-07,0.1663102,0.1623156369012375
2021-01-08,0.16581956,0.1487042206285752
2021-01-11,0.15572624,0.1490895010295513
2021-01-12,0.15399261,0.1492141957800384
2021-01-13,0.15425055,0.1503425298338062
2021-01-14,0.15245843,0.1501724954145327
2021-01-15,0.15938519,0.156883645274117
2021-01-19,0.16569889,0.1737547678522392
2021-01-20,0.17422505,0.1738864567800139
2021-01-21,0.17384645,0.1742470672407079
2021-01-22,0.17362049,0.1753755133680799
2021-01-25,0.17874087,0.1731464496382288
2021-01-26,0.17408372,0.2035490395743333
2021-01-27,0.20643188,0.2018616103008889
2021-01-28,0.20347792,0.2163022093548128
2021-01-29,0.22596687,0.2325326744381109
2021-02-01,0.23532258,0.2381238968149045
2021-02-02,0.23361653,0.2318830963232869
2021-02-03,0.22671056,0.2332974447446211
2021-02-04,0.22700006,0.2252668700845863
2021-02-05,0.21774444,0.2129883230042396
2021-02-08,0.20633148,0.210019651638852
2021-02-09,0.2067641,0.201938889821731
2021-02-10,0.20682281,0.201499037242587
2021-02-11,0.199624,0.201274580142633
2021-02-12,0.20073839,0.2000882395346351
2021-02-16,0.20016462,0.1981873311790077
2021-02-17,0.19879149,0.195487234546821
2021-02-18,0.19715649,0.1813090383473888
2021-02-19,0.18445584,0.2019816067895267
2021-02-22,0.2114452,0.2019963328528592
2021-02-23,0.21499616,0.2019837320190545
2021-02-24,0.2083202,0.2341619945524072
2021-02-25,0.24084105,0.2155202168390165
2021-02-26,0.22880645,0.2397702668764466
2021-03-01,0.23611069,0.2346982707908212
2021-03-02,0.23121777,0.2387596555058955
2021-03-03,0.23593152,0.234160380945562
2021-03-04,0.24188583,0.2427462386023128
2021-03-05,0.23995169,0.2524455377577595
2021-03-08,0.24530071,0.294020931108657
2021-03-09,0.2864751,0.2920142343004573
2021-03-10,0.28640673,0.3057765313778111
2021-03-11,0.29826424,0.306490626882906
2021-03-12,0.29696965,0.3086836319204292
2021-03-15,0.30104482,0.3086521953106117
2021-03-16,0.3012973,0.3093927781176531
2021-03-17,0.30076775,0.3250964876255792
2021-03-18,0.31728652,0.3258339770822941
2021-03-19,0.31764898,0.3340372113106271
2021-03-22,0.32036367,0.3223617024251515
2021-03-23,0.3183693,0.3272482541175942
2021-03-24,0.31797814,0.3254479447626627
2021-03-25,0.31829652,0.3066385846369387
2021-03-26,0.294912,0.3063921917006535
2021-03-29,0.29743809,0.2872283939871674
2021-03-30,0.2869553,0.2873014706068474
2021-03-31,0.28666785,0.2719218083916351
2021-04-01,0.2641278,0.2692403446084017
2021-04-05,0.26271555,0.2667891652690447
2021-04-06,0.2519533,0.2405678327283701
2021-04-07,0.2356883,0.2067997781076
2021-04-08,0.20482667,0.2056064169861978
2021-04-09,0.20468992,0.1941976073119275
2021-04-12,0.19364291,0.192214285022716
2021-04-13,0.19356121,0.1979456886458178
2021-04-14,0.19863528,0.2024379614479751
2021-04-15,0.20315841,0.2025211352137365
2021-04-16,0.20164002,0.1683227656130645
2021-04-19,0.17874481,0.1728556720940191
2021-04-20,0.18440337,0.1649763103421874
2021-04-21,0.17289296,0.1713595031434285
2021-04-22,0.1784136,0.1589477934617927
2021-04-23,0.16635776,0.1577059178191658
2021-04-26,0.16654831,0.155661463128431
2021-04-27,0.15936004,0.1569885022261673
2021-04-28,0.16356778,0.1539565758821823
2021-04-29,0.16034567,0.1520261334551829
2021-04-30,0.15480866,0.1451756082796138
2021-05-03,0.15089597,0.1446064615052451
2021-05-04,0.15140077,0.1450412227561068
2021-05-05,0.15318839,0.1472806224529363
2021-05-06,0.15432946,0.1454230951928991
2021-05-07,0.1513356,0.167529016592168
2021-05-10,0.1828051,0.1675276700420771
2021-05-11,0.17648661,0.1801343055092739
2021-05-12,0.21256617,0.1811807396473285
2021-05-13,0.2009357,0.1909670995720178
2021-05-14,0.19963469,0.1910513598218265
2021-05-17,0.19853093,0.190168104406609
2021-05-18,0.19470556,0.189640770989493
2021-05-19,0.20192702,0.2005204257357701
2021-05-20,0.20299305,0.1974088079457907
2021-05-21,0.20232981,0.2016041761167568
2021-05-24,0.1998769,0.2000047537449096
2021-05-25,0.20016012,0.2002684735122561
2021-05-26,0.20029129,0.2003314211780491
2021-05-27,0.19954692,0.2002145475903042
2021-05-28,0.1983559,0.199358069470271
2021-06-01,0.19942728,0.1988046935292881
2021-06-02,0.19759038,0.1919174516655864
2021-06-03,0.19563347,0.2001122608588779
2021-06-04,0.19415194,0.1988602081735668
2021-06-07,0.19764486,0.1970729048097735
2021-06-08,0.1971778,0.1735849019834344
2021-06-09,0.17716463,0.175787691640198
2021-06-10,0.17793968,0.1430725975164081
2021-06-11,0.1464807,0.1438925889765229
2021-06-14,0.15053262,0.1313301211387507
2021-06-15,0.13798156,0.1296487188811972
2021-06-16,0.14214699,0.1298364598399067
2021-06-17,0.14163215,0.1353686220759695
2021-06-18,0.14617994,0.1222937591052182
2021-06-21,0.12954053,0.1211504619537567
2021-06-22,0.12877344,0.1103947402976009
2021-06-23,0.11845565,0.1111892357970705
2021-06-24,0.120267354,0.1118293409935999
2021-06-25,0.11983876,0.1146853444249976
2021-06-28,0.12987012,0.1147057986973549
2021-06-29,0.1252121,0.1136476708403742
2021-06-30,0.12098895,0.1139700594112667
2021-07-01,0.12484268,0.1064896360244559
2021-07-02,0.11434751,0.095608945547542
2021-07-06,0.10831087,0.0957097164073919
2021-07-07,0.10613234,0.1007500405981261
2021-07-08,0.11845789,0.1007527594903189
2021-07-09,0.11213706,0.0974913312938156
2021-07-12,0.10600598,0.098064140864789
2021-07-13,0.10985922,0.095087977717325
2021-07-14,0.10589275,0.0956951970834049
2021-07-15,0.1082217,0.1004495341863806
2021-07-16,0.11034816,0.0993683515806802
2021-07-19,0.11240756,0.0995580330437518
2021-07-20,0.11008289,0.1004420206700821
2021-07-21,0.108939186,0.0984883888634212
2021-07-22,0.107764184,0.1035173310822025
2021-07-23,0.11390177,0.1029462148644288
2021-07-26,0.113611616,0.1125394292058934
2021-07-27,0.12441733,0.1066311598745083
2021-07-28,0.11503959,0.1063883253311136
2021-07-29,0.11437338,0.108454748976996
2021-07-30,0.12000911,0.10849543059121
2021-08-02,0.11770207,0.1036382650657178
2021-08-03,0.11484755,0.1029862083274464
2021-08-04,0.114557646,0.1046146377571482
2021-08-05,0.1142364,0.1033275035954459
2021-08-06,0.1147286,0.1017539038964342
2021-08-09,0.11426326,0.1033323792413988
2021-08-10,0.11448566,0.1036283760096159
2021-08-11,0.11385277,0.1040985342995191
2021-08-12,0.11412907,0.1007166503942767
2021-08-13,0.109028995,0.0950716387976998
2021-08-16,0.10551602,0.0958823593489575
2021-08-17,0.10850998,0.0958241989065277
2021-08-18,0.11308078,0.0935657597505291
2021-08-19,0.10721403,0.0975506848586587
2021-08-20,0.10708172,0.102800717456083
2021-08-23,0.114402086,0.1031337996681699
2021-08-24,0.11373017,0.093794452764984
2021-08-25,0.104661606,0.096978436642165
2021-08-26,0.1062354,0.101704935387827
2021-08-27,0.11292358,0.1044518435445483
2021-08-30,0.11322616,0.1047085568011796
2021-08-31,0.11359886,0.1036551267934694
2021-09-01,0.11325123,0.1039450135406325
2021-09-02,0.113142125,0.1027092407574668
2021-09-03,0.113014996,0.1004428133273199
2021-09-07,0.108769454,0.1020972094177766
2021-09-08,0.11220893,0.1008679084174603
2021-09-09,0.11010053,0.1052796118513054
2021-09-10,0.11388402,0.1051734402933012
2021-09-13,0.11612375,0.1056773271637878
2021-09-14,0.114482,0.1080888076460617
2021-09-15,0.114754334,0.1018597220829352
2021-09-16,0.112289734,0.1051828702828705
2021-09-17,0.11440499,0.1293806775771989
2021-09-20,0.16085862,0.1242102839219252
2021-09-21,0.16828392,0.1169297571150671
2021-09-22,0.15377891,0.121101812818748
2021-09-23,0.14032206,0.1210767484861169
2021-09-24,0.13583802,0.1222633036696849
2021-09-27,0.13456188,0.1510082621611307
2021-09-28,0.1567946,0.1431950374483235
2021-09-29,0.14985499,0.1430866658591403
2021-09-30,0.14949995,0.1456898686245757
2021-10-01,0.15234745,0.1587917956344859
2021-10-04,0.1666616,0.1680677209763192
2021-10-05,0.17460084,0.1705938779704024
2021-10-06,0.18710192,0.1754923291155486
2021-10-07,0.17690127,0.1757152836772487
2021-10-08,0.17675595,0.1757462818987914
2021-10-11,0.17622499,0.1757017267232307
2021-10-12,0.17799227,0.1793232311280259
2021-10-13,0.1782636,0.1902013623954597
2021-10-14,0.19432022,0.191940488597791
2021-10-15,0.19202429,0.1914456168575215
2021-10-18,0.18979755,0.1775807215045188
2021-10-19,0.17320007,0.1778132240537143
2021-10-20,0.17354041,0.1762933496915252
2021-10-21,0.17288761,0.176557259821229
2021-10-22,0.17557317,0.179952409588067
2021-10-25,0.18100628,0.1773408349202679
2021-10-26,0.17697386,0.1412768414152505
2021-10-27,0.14695568,0.1433042206235338
2021-10-28,0.14867899,0.1411560960472249
2021-10-29,0.14785752,0.1408507999601757
2021-11-01,0.1472908,0.1090753841109871
2021-11-02,0.11211332,0.1065785025114903
2021-11-03,0.11212868,0.1102168979059685
2021-11-04,0.12028783,0.1098618184837777
2021-11-05,0.12037476,0.1065851834044707
2021-11-08,0.11254453,0.1054675223625348
2021-11-09,0.114225276,0.1222479768596358
2021-11-10,0.13413978,0.1215190728047082
2021-11-11,0.12832002,0.1123863363702086
2021-11-12,0.117105685,0.1126432661074728
2021-11-15,0.117255196,0.1108477508707863
2021-11-16,0.11725933,0.109945425988916
2021-11-17,0.1170758,0.1119239850440808
2021-11-18,0.119116545,0.1117718057781378
2021-11-19,0.11863949,0.1164510228039951
2021-11-22,0.12778999,0.1163586556190384
2021-11-23,0.12933962,0.1163644843969817
2021-11-24,0.12688157,0.1379674765365647
2021-11-26,0.15097089,0.1515551099162323
2021-11-29,0.15792553,0.1615616323717714
2021-11-30,0.1918499,0.1728054031648195
2021-12-01,0.19149847,0.1740372322044326
2021-12-02,0.19076392,0.1797854514379444
2021-12-03,0.19059981,0.1758004273857631
2021-12-06,0.19090216,0.2069762224190639
2021-12-07,0.21308583,0.207483848937079
2021-12-08,0.20686983,0.2125943686264338
2021-12-09,0.2186427,0.2089024606381618
2021-12-10,0.2181505,0.2155858454580356
2021-12-13,0.21957335,0.2152289008780326
2021-12-14,0.22207314,0.2301331654641977
2021-12-15,0.22941126,0.2456268890723242
2021-12-16,0.26360473,0.2458895812036821
2021-12-17,0.25207093,0.2435747955009291
2021-12-20,0.23689048,0.2570797852872871
2021-12-21,0.24891657,0.2585985144663234
2021-12-22,0.25557676,0.2595739799742518
2021-12-23,0.25368315,0.2655991145084515
2021-12-27,0.2556099,0.2566890004449102
2021-12-28,0.24553518,0.2458851376934212
2021-12-29,0.2397011,0.2401156649461082
2021-12-30,0.23219837,0.2327483099681214
2021-12-31,0.23283269,0.2336495765281755
2022-01-03,0.23223534,0.2295964489830783
2022-01-04,0.22984347,0.2542546828883018
2022-01-05,0.25594637,0.2293780169407838
2022-01-06,0.23495157,0.2304637123319691
2022-01-07,0.23543486,0.2260985332685701
2022-01-10,0.23195407,0.229397863660912
2022-01-11,0.23303406,0.224945958772491
2022-01-12,0.22983746,0.2384182030135018
2022-01-13,0.23889847,0.2239217810030442
2022-01-14,0.23141341,0.2228390520549928
2022-01-18,0.22425339,0.2248474689589215
2022-01-19,0.2275437,0.2265159668223298
2022-01-20,0.23310538,0.2241272317984881
2022-01-21,0.22981225,0.2183796279613572
2022-01-24,0.22668731,0.2219100594124947
2022-01-25,0.23015276,0.2065264365767706
2022-01-26,0.21141124,0.2064657667546121
2022-01-27,0.20777813,0.2460047017613615
2022-01-28,0.24558863,0.2792646210275534
2022-01-31,0.27531844,0.281882548167569
2022-02-01,0.2881711,0.2810230031730759
2022-02-02,0.2719604,0.3071903183437681
2022-02-03,0.29979658,0.2984950449966484
2022-02-04,0.2901774,0.2988048654499314
2022-02-07,0.28945857,0.3017901406906945
2022-02-08,0.29380924,0.3126803948351704
2022-02-09,0.3060597,0.3147809865262387
2022-02-10,0.3069005,0.3283668998204558
2022-02-11,0.32166407,0.3207202762354824
2022-02-14,0.31198803,0.3342483679060388
2022-02-15,0.31687126,0.3245530924123444
2022-02-16,0.31062716,0.3375598025397185
2022-02-17,0.31285936,0.3369896209961353
2022-02-18,0.3187584,0.3256991447877576
2022-02-22,0.31795147,0.3350532629712842
2022-02-23,0.3178858,0.34962881670962
2022-02-24,0.3555668,0.3538939212198255
2022-02-25,0.3413315,0.3519094593171731
2022-02-28,0.33427036,0.3380725565890669
2022-03-01,0.3218974,0.3230445677598764
2022-03-02,0.31809953,0.3241252923248916
2022-03-03,0.31584185,0.3238773428658945
2022-03-04,0.3118422,0.3188806030079899
2022-03-07,0.3128036,0.3132207309167666
2022-03-08,0.3149499,0.3429549296346491
2022-03-09,0.34572095,0.3403586547774997
2022-03-10,0.3209552,0.3327573237752011
2022-03-11,0.32109764,0.3307544096504038
2022-03-14,0.32147637,0.3396978777835474
2022-03-15,0.3219766,0.3662584834147128
2022-03-16,0.3453391,0.3575845625663777
2022-03-17,0.33828562,0.365500366596984
2022-03-18,0.34714374,0.3497852139687538
2022-03-21,0.34345248,0.3525277006797077
2022-03-22,0.3433222,0.3547644824462208
2022-03-23,0.34710512,0.3461130422416451
2022-03-24,0.33521932,0.329765900825259
2022-03-25,0.31391606,0.3297491316756772
2022-03-28,0.32126662,0.3334924843603105
2022-03-29,0.3219467,0.3307752412945107
2022-03-30,0.32068634,0.3316925389866881
2022-03-31,0.3211841,0.3266149512619545
2022-04-01,0.3190458,0.3256651401529572
2022-04-04,0.3176657,0.3054608413194685
2022-04-05,0.2966859,0.3179161177270076
2022-04-06,0.31715566,0.2965191574284149
2022-04-07,0.2881717,0.298387262231682
2022-04-08,0.29093266,0.3014361944020233
2022-04-11,0.29316345,0.292108970033015
2022-04-12,0.290337,0.2810408071777798
2022-04-13,0.28370023,0.2651182252649728
2022-04-14,0.2611964,0.2614388371077804
2022-04-18,0.26628575,0.263425941808586
2022-04-19,0.26212186,0.2678369034248667
2022-04-20,0.26350433,0.2649225524369956
2022-04-21,0.2624227,0.2743035878913215
2022-04-22,0.27613062,0.2649532820233493
2022-04-25,0.27318823,0.2891181998055768
2022-04-26,0.28464463,0.2792826237635471
2022-04-27,0.2810288,0.3049411411416502
2022-04-28,0.3005285,0.333766501253511
2022-04-29,0.32431012,0.3432633660035981
2022-05-02,0.332397,0.3438560296186319
2022-05-03,0.33450204,0.3593385033706076
2022-05-04,0.34311146,0.3882491828751394
2022-05-05,0.35630378,0.3848935223751956
2022-05-06,0.36269876,0.4000205157893159
2022-05-09,0.3858369,0.4053126998128002
2022-05-10,0.38421047,0.4089801151871211
2022-05-11,0.3885276,0.4091928357360823
2022-05-12,0.39198646,0.4269733529875462
2022-05-13,0.39442188,0.4231863271407337
2022-05-16,0.40048,0.4367139974885556
2022-05-17,0.39548153,0.4513820516771188
2022-05-18,0.43993664,0.4507747763525356
2022-05-19,0.42652205,0.4483489531453656
2022-05-20,0.43178737,0.4492620456372977
2022-05-23,0.43364322,0.4481861854397087
2022-05-24,0.42940745,0.4379404860655198
2022-05-25,0.43037075,0.4512491902164432
2022-05-26,0.4308283,0.4483121463943287
2022-05-27,0.42608052,0.4208172265633428
2022-05-31,0.3966763,0.4167235309333257
2022-06-01,0.39138195,0.4286259748618961
2022-06-02,0.39653206,0.4185910377731738
2022-06-03,0.39978376,0.382038487466377
2022-06-06,0.3725087,0.3809780459241847
2022-06-07,0.35089743,0.3543968527771035
2022-06-08,0.34137547,0.3656820509485396
2022-06-09,0.35073867,0.3718888842463509
2022-06-10,0.35053554,0.4050271664872983
2022-06-13,0.38685817,0.3794305267545386
2022-06-14,0.37495816,0.3911826753848167
2022-06-15,0.3791171,0.398322943990071
2022-06-16,0.37477028,0.3691603212149457
2022-06-17,0.36011067,0.3811933431363274
2022-06-21,0.375466,0.3811239558073736
2022-06-22,0.37271413,0.3801608877218682
2022-06-23,0.37393805,0.3914627609267173
2022-06-24,0.37507826,0.3899157234018762
2022-06-27,0.3724924,0.3909847804047713
2022-06-28,0.37730882,0.3702667059294504
2022-06-29,0.36252072,0.3714557886293737
2022-06-30,0.3622444,0.3730851664336432
2022-07-01,0.37307805,0.3639586315101181
2022-07-05,0.35985598,0.3564906896084018
2022-07-06,0.3559148,0.365560558063569
2022-07-07,0.35665327,0.3638534114862814
2022-07-08,0.354049,0.3696961143456911
2022-07-11,0.35943395,0.3602346068165442
2022-07-12,0.3569753,0.3391050085294422
2022-07-13,0.32308382,0.2944214928826689
2022-07-14,0.28654623,0.2995620213650243
2022-07-15,0.29365525,0.2908465915091029
2022-07-18,0.28165367,0.2656006650932694
2022-07-19,0.2637407,0.2672064031087226
2022-07-20,0.25707656,0.2593275490025827
2022-07-21,0.2492798,0.2696736731140976
2022-07-22,0.2639074,0.2682662075480857
2022-07-25,0.26387239,0.252773060761355
2022-07-26,0.2512274,0.2900703374767606
2022-07-27,0.28082067,0.2649527997159088
2022-07-28,0.2626238,0.268881092185006
2022-07-29,0.26362708,0.2621793453815774
2022-08-01,0.2602133,0.2638818736195852
2022-08-02,0.26029366,0.2718006879449012
2022-08-03,0.26765567,0.2718156564144046
2022-08-04,0.26243067,0.2695725278306777
2022-08-05,0.2653248,0.2706531774193476
2022-08-08,0.2678921,0.2608176791053612
2022-08-09,0.25998592,0.2674019794159021
2022-08-10,0.26313478,0.2691200523392363
2022-08-11,0.2646749,0.2728004192993618
2022-08-12,0.26678643,0.269797519432404
2022-08-15,0.2629084,0.2663479080415192
2022-08-16,0.26307672,0.2583629425617517
2022-08-17,0.2638155,0.2552445708929714
2022-08-18,0.25622955,0.2648413357482369
2022-08-19,0.2629537,0.2747754867160815
2022-08-22,0.26490402,0.2735600961015165
2022-08-23,0.26661798,0.2616716763092818
2022-08-24,0.26140293,0.2272191184465734
2022-08-25,0.23257597,0.2699030342479657
2022-08-26,0.2632773,0.263147311943418
2022-08-29,0.26335073,0.2651839581423163
2022-08-30,0.26470777,0.2654883297252217
2022-08-31,0.26485023,0.2433608940875919
2022-09-01,0.24971366,0.2441389533711424
2022-09-02,0.24522834,0.2439694974127289
2022-09-06,0.24756686,0.2583731365916345
2022-09-07,0.26273915,0.258172138743087
2022-09-08,0.2631809,0.249935660498415
2022-09-09,0.2597454,0.2546708984263158
2022-09-12,0.26050448,0.3019002412359353
2022-09-13,0.30097407,0.3018171938895351
2022-09-14,0.30063868,0.3040407814380915
2022-09-15,0.30638415,0.3034298626301981
2022-09-16,0.29727343,0.3058384659911889
2022-09-19,0.30056438,0.3018167556558946
2022-09-20,0.29896387,0.2956826895881111
2022-09-21,0.29290673,0.2964883550536418
2022-09-22,0.290672,0.2973378089690507
2022-09-23,0.2926291,0.284681478327342
2022-09-26,0.27964845,0.2574891688339779
2022-09-27,0.26273265,0.2709420509009268
2022-09-28,0.27558848,0.2836467872118871
2022-09-29,0.27923322,0.2868562954900491
2022-09-30,0.2823715,0.3031130351260945
2022-10-03,0.29972973,0.3243504953244653
2022-10-04,0.3058628,0.3237939971084744
2022-10-05,0.31346956,0.314506835454838
2022-10-06,0.3113663,0.3355596156192019
2022-10-07,0.31446272,0.3213383104043096
2022-10-10,0.32289693,0.3151029585369251
2022-10-11,0.31680962,0.2648956839610011
2022-10-12,0.26435903,0.2795563117191025
2022-10-13,0.29616395,0.2906269826478734
2022-10-14,0.28142205,0.3189524507114157
2022-10-17,0.27210552,0.3190047209201701
2022-10-18,0.31316453,0.3185270040965711
2022-10-19,0.30726132,0.3139878497330488
2022-10-20,0.30781573,0.3239035991681482
2022-10-21,0.31295955,0.3210349385908476
2022-10-24,0.31436396,0.3277672066293834
2022-10-25,0.30939025,0.3381492405755211
2022-10-26,0.3179105,0.3368137696386244
2022-10-27,0.31877652,0.3378667210061209
2022-10-28,0.3207557,0.3346227991558674
2022-10-31,0.31977087,0.3277778565441747
2022-11-01,0.32062984,0.3286119940666031
2022-11-02,0.3233845,0.3336221294882864
2022-11-03,0.3229879,0.339979406461265
2022-11-04,0.32778075,0.3167938360647539
2022-11-07,0.3117833,0.3156314848440212
2022-11-08,0.31131807,0.3226110528251836
2022-11-09,0.31398338,0.4108805906908568
2022-11-10,0.37890726,0.4082165656936798
2022-11-11,0.37623787,0.3924566202387307
2022-11-14,0.36399046,0.3803963823205782
2022-11-15,0.36311784,0.3846915321305676
2022-11-16,0.36780295,0.3844261271506349
2022-11-17,0.36962503,0.3835176906509167
2022-11-18,0.36784282,0.3786041159064909
2022-11-21,0.3641723,0.3798754084165667
2022-11-22,0.36042938,0.3748687398974267
2022-11-23,0.36715153,0.3665704359175746
2022-11-25,0.3498923,0.3643427855740156
2022-11-28,0.35016033,0.3502214989092382
2022-11-29,0.35112277,0.3807929448225773
2022-11-30,0.36894143,0.3779006018865032
2022-12-01,0.36629152,0.3536514181056878
2022-12-02,0.3493721,0.3513843876837872
2022-12-05,0.34936884,0.3597327263318739
2022-12-06,0.3512555,0.3594114296127553
2022-12-07,0.35328853,0.3605199411814345
2022-12-08,0.3537845,0.3499589761899819
2022-12-09,0.3511792,0.2429078275516915
2022-12-12,0.2651919,0.2371919304452331
2022-12-13,0.25767577,0.2365991345600429
2022-12-14,0.2531439,0.2583797897579868
2022-12-15,0.2670254,0.2564229939159279
2022-12-16,0.26211557,0.2599318720758045
2022-12-19,0.26512465,0.2598533244387844
2022-12-20,0.26243934,0.2645018004871283
2022-12-21,0.26495954,0.2698257411926062
2022-12-22,0.26582122,0.266392650048927
2022-12-23,0.26029414,0.2687972263680866
2022-12-27,0.25633258,0.268093986647652
2022-12-28,0.2634373,0.2846321890778744
2022-12-29,0.28433567,0.2258434676462135
2022-12-30,0.25191736,0.2250332287406166
2023-01-03,0.23824069,0.2274464134618828
2023-01-04,0.23910987,0.2267014036620829
2023-01-05,0.23666541,0.2437619519032574
2023-01-06,0.2508125,0.2453630787944854
2023-01-09,0.24927403,0.2433249517850517
2023-01-10,0.24487549,0.2512346074010215
2023-01-11,0.26188627,0.2477411962336087
2023-01-12,0.25028056,0.2458092519180013
2023-01-13,0.24486803,0.2449062492048364
2023-01-17,0.24280201,0.2190057009964887
2023-01-18,0.23201053,0.2191732167414488
2023-01-19,0.22653624,0.2314721472631986
2023-01-20,0.23178485,0.2410835718700817
2023-01-23,0.23769078,0.2383013549328114
2023-01-24,0.23965265,0.2180162044130836
2023-01-25,0.22941594,0.2246572328543322
2023-01-26,0.23079795,0.2147276064466746
2023-01-27,0.22295366,0.2236848188778907
2023-01-30,0.22751299,0.2158411571992279
2023-01-31,0.22843388,0.2221421047961689
2023-02-01,0.2314963,0.2398597442856168
2023-02-02,0.232597,0.2558219916395533
2023-02-03,0.26566792,0.2489541342214863
2023-02-06,0.25347927,0.2429279016135742
2023-02-07,0.243182,0.2575613901994499
2023-02-08,0.25829595,0.2621970047767139
2023-02-09,0.26312456,0.2610367428127931
2023-02-10,0.26053718,0.2644294460856167
2023-02-13,0.26241776,0.2644979195416579
2023-02-14,0.26486862,0.2646026063673704
2023-02-15,0.2639403,0.2701259593094743
2023-02-16,0.2658964,0.2684652564314413
2023-02-17,0.26677993,0.2717626664121661
2023-02-21,0.26675925,0.2616431683342896
2023-02-22,0.26442283,0.2627288003674882
2023-02-23,0.26380822,0.2700402702210773
2023-02-24,0.269617,0.2625641568556203
2023-02-27,0.26421165,0.260194148356342
2023-02-28,0.26370317,0.2517343785205289
2023-03-01,0.26099482,0.2478354244951235
2023-03-02,0.2534099,0.2470730290753977
2023-03-03,0.25453007,0.2098455870501111
2023-03-06,0.22450817,0.2053626398514567
2023-03-07,0.21388368,0.204884803106224
2023-03-08,0.21073225,0.1966808638497525
2023-03-09,0.20362438,0.1934565697711349
2023-03-10,0.19986548,0.1949013012101797
2023-03-13,0.20562716,0.2117419083189866
2023-03-14,0.21694,0.204455180625137
2023-03-15,0.21080372,0.2236870974063482
2023-03-16,0.23636205,0.2225269014477997
2023-03-17,0.22704768,0.2126387253549759
2023-03-20,0.21365014,0.2158123360985002
2023-03-21,0.22605164,0.2034129226974472
2023-03-22,0.21295966,0.2061243738886495
2023-03-23,0.21405186,0.2049700928045175
2023-03-24,0.20985945,0.1960210868938324
2023-03-27,0.19998547,0.1973077201672461
2023-03-28,0.19768846,0.2043735079309381
2023-03-29,0.20616126,0.2012507329184635
2023-03-30,0.21054585,0.2055223863016247
2023-03-31,0.21014574,0.1979131563906756
2023-04-03,0.20127822,0.1991466099322296
2023-04-04,0.20265958,0.1969830730444542
2023-04-05,0.20307131,0.1972767689254541
2023-04-06,0.20140642,0.1832631249714018
2023-04-10,0.19512059,0.175500696121153
2023-04-11,0.19673172,0.1809739278469133
2023-04-12,0.19840771,0.176739135897771
2023-04-13,0.19651638,0.1775776230049757
2023-04-14,0.1836621,0.1563119036372209
2023-04-17,0.15728049,0.1546046048469966
2023-04-18,0.15615474,0.1547833366521503
2023-04-19,0.16038586,0.1514283695790508
2023-04-20,0.16166848,0.1419039208126929
2023-04-21,0.15461023,0.1374065483853994
2023-04-24,0.14501537,0.1531180364902811
2023-04-25,0.15859132,0.1524716136393052
2023-04-26,0.15854658,0.1764855327300672
2023-04-27,0.1861674,0.1675452195451257
2023-04-28,0.17993897,0.1652285905602263
2023-05-01,0.17016299,0.1582479884008104
2023-05-02,0.1668635,0.1596195855270237
2023-05-03,0.16805236,0.1596574095225034
2023-05-04,0.16715932,0.1722687105932143
2023-05-05,0.17430131,0.171136997299014
2023-05-08,0.17314993,0.1729131092231855
2023-05-09,0.17354147,0.1744222620634745
2023-05-10,0.17714281,0.170431060420948
2023-05-11,0.17512706,0.1588490601597588
2023-05-12,0.164501,0.1592419733741159
2023-05-15,0.16304281,0.1592357034637222
2023-05-16,0.16436884,0.1634873930915939
2023-05-17,0.16576809,0.1731105454999247
2023-05-18,0.16637212,0.1700251615188038
2023-05-19,0.17388973,0.169876641185919
2023-05-22,0.17572808,0.1777464488045738
2023-05-23,0.17821059,0.1625510899356914
2023-05-24,0.16951688,0.1780836596192808
2023-05-25,0.1794,0.1754799819528089
2023-05-26,0.18095388,0.1751894813567724
2023-05-30,0.18431921,0.1775433222841777
2023-05-31,0.17819488,0.1734657875479365
2023-06-01,0.1714471,0.1687543528572402
2023-06-02,0.18013196,0.1665644498211907
2023-06-05,0.17823507,0.1574284017607007
2023-06-06,0.17484222,0.1741702387782855
2023-06-07,0.17642353,0.1727674391420647
2023-06-08,0.1798802,0.1712139281457926
2023-06-09,0.17775367,0.1767188693954434
2023-06-12,0.1741309,0.1742508845219312
2023-06-13,0.17230761,0.1743754998322212
2023-06-14,0.17810659,0.175007505366958
2023-06-15,0.17831592,0.1784498155121057
2023-06-16,0.17899927,0.1727729080159091
2023-06-20,0.17681165,0.1823058851575982
2023-06-21,0.18952705,0.1844976871589465
2023-06-22,0.18968302,0.1815761633227388
2023-06-23,0.18720677,0.1890056031181589
2023-06-26,0.18975781,0.1806363967922352
2023-06-27,0.18129398,0.1616728382343989
2023-06-28,0.17653364,0.1621062345667104
2023-06-29,0.16778095,0.1660005825022829
2023-06-30,0.17358038,0.163038573084065
2023-07-03,0.16862115,0.1622302019269487
2023-07-05,0.17601588,0.1657010674247584
2023-07-06,0.1726638,0.1665243404945474
2023-07-07,0.17414197,0.1523735503024015
2023-07-10,0.16180639,0.1483620025442737
2023-07-11,0.15578316,0.1527291343760703
2023-07-12,0.1680877,0.1528263955750674
2023-07-13,0.16352001,0.1519065955940343
2023-07-14,0.16033073,0.1529533453591784
2023-07-17,0.15942161,0.1505032560686044
2023-07-18,0.15689152,0.1477034215497174
2023-07-19,0.15665567,0.1717128781628372
2023-07-20,0.1776042,0.1638213801850916
2023-07-21,0.16927043,0.1597572093898367
2023-07-24,0.16745402,0.1553456546170527
2023-07-25,0.15996851,0.1463021685612626
2023-07-26,0.16343705,0.1371525658263062
2023-07-27,0.14480579,0.1486441883434561
2023-07-28,0.16541143,0.1479455951228693
2023-07-31,0.1597538,0.1411478762524643
2023-08-01,0.14817803,0.163176702369611
2023-08-02,0.17145443,0.1633411483904224
2023-08-03,0.16847573,0.1618134028846375
2023-08-04,0.17215396,0.1633235170509779
2023-08-07,0.16997951,0.1667469088218338
2023-08-08,0.17240801,0.1708248581095907
2023-08-09,0.17733333,0.16477362710356
2023-08-10,0.16997406,0.153014854990838
2023-08-11,0.15919806,0.1593220273622415
2023-08-14,0.16699356,0.1578989715631327
2023-08-15,0.16650064,0.1560122117133386
2023-08-16,0.16540352,0.1580880750881897
2023-08-17,0.16816935,0.1410865362336486
2023-08-18,0.15348224,0.1548778339101676
2023-08-21,0.16289514,0.1544783966381086
2023-08-22,0.15966278,0.1635040863120867
2023-08-23,0.16889931,0.17781753943907
2023-08-24,0.17861067,0.1810079864286871
2023-08-25,0.17880997,0.169733689496894
2023-08-28,0.17440808,0.1888205441769445
2023-08-29,0.18897681,0.1901288146915496
2023-08-30,0.1939275,0.1739129256706533
2023-08-31,0.17992853,0.1738396813223205
2023-09-01,0.17782877,0.1728071814571725
2023-09-05,0.17478326,0.1735381245877355
2023-09-06,0.17600243,0.1727656085323403
2023-09-07,0.17497265,0.1680397466181816
2023-09-08,0.1781624,0.1723968270603411
2023-09-11,0.17942095,0.1757220439455054
2023-09-12,0.17759886,0.1720752321219285
2023-09-13,0.17898186,0.1690013845658101
2023-09-14,0.17666721,0.1762248127174139
2023-09-15,0.1773318,0.1706982588938992
2023-09-18,0.17799683,0.1709164675080519
2023-09-19,0.17775697,0.1711055276833231
2023-09-20,0.18059233,0.1827556062315866
2023-09-21,0.19355942,0.172873854907834
2023-09-22,0.1782282,0.1577517934816395
2023-09-25,0.16975461,0.1631045918230649
2023-09-26,0.18311247,0.1605863825385596
2023-09-27,0.17435667,0.1416548855154049
2023-09-28,0.15561907,0.139333451074733
2023-09-29,0.15596718,0.1430768357222316
2023-10-02,0.15313004,0.1527226782936611
2023-10-03,0.16303113,0.1625614452079991
2023-10-04,0.1706034,0.1608380860041074
2023-10-05,0.16436681,0.172053491729179
2023-10-06,0.18528979,0.1731310675174463
2023-10-09,0.17712292,0.1687774642252908
2023-10-10,0.17331386,0.1667746661861584
2023-10-11,0.17350547,0.1665434704185735
2023-10-12,0.1667157,0.1685348047748753
2023-10-13,0.17453253,0.163855515336989
2023-10-16,0.16788837,0.1641718033546333
2023-10-17,0.167711,0.1700506837004078
2023-10-18,0.17468691,0.1657981223984182
2023-10-19,0.17011137,0.1615617672246846
2023-10-20,0.1689116,0.1619868295686438
2023-10-23,0.16928701,0.1648158152557522
2023-10-24,0.16880506,0.1783671671331426
2023-10-25,0.17611851,0.1892136415130923
2023-10-26,0.18942739,0.1872692718330874
2023-10-27,0.18882464,0.1924427612187798
2023-10-30,0.19621491,0.1906145112600304
2023-10-31,0.19028103,0.1915171042251178
2023-11-01,0.19151641,0.1960762040861118
2023-11-02,0.19813606,0.19934702727493
2023-11-03,0.19813517,0.191617355760423
2023-11-06,0.18784633,0.1934738824616462
2023-11-07,0.19307621,0.1927249615743089
2023-11-08,0.19328628,0.1932635594768536
2023-11-09,0.19528483,0.2078783139495827
2023-11-10,0.20693497,0.2025225488216973
2023-11-13,0.19576412,0.2115802957407312
2023-11-14,0.20705166,0.2107502564072682
2023-11-15,0.20698544,0.2033077413208851
2023-11-16,0.20075275,0.1986523292063827
2023-11-17,0.19997758,0.1890977731306802
2023-11-20,0.18943097,0.1925282453991636
2023-11-21,0.19665745,0.1915058292632713
2023-11-22,0.19015245,0.1627896290085936
2023-11-24,0.1728973,0.1392406148239744
2023-11-27,0.16067176,0.1396765171540889
2023-11-28,0.15525095,0.1401561460429281
2023-11-29,0.14586313,0.1427438065916331
2023-11-30,0.16019998,0.1355081714778298
2023-12-01,0.14557113,0.1333563418024921
2023-12-04,0.14383538,0.1294542390631443
2023-12-05,0.13709764,0.1324177275029694
2023-12-06,0.15709436,0.1364710233083427
2023-12-07,0.14441416,0.1365445744997958
2023-12-08,0.14218618,0.1329070823392184
2023-12-11,0.14125551,0.1146343012700442
2023-12-12,0.12073812,0.1179093048386568
2023-12-13,0.12694496,0.0980646120065394
2023-12-14,0.110651895,0.0983235738327319
2023-12-15,0.11055444,0.0990543442945875
2023-12-18,0.11036558,0.0989924107850767
2023-12-19,0.110844344,0.1106464640444539
2023-12-20,0.122786805,0.1124156264303293
2023-12-21,0.119562164,0.1122917030197708
2023-12-22,0.11916042,0.1121814115048341
2023-12-26,0.119456016,0.1114756598689077
2023-12-27,0.11914553,0.1120580897175801
2023-12-28,0.119387485,0.1140121662928838
